"","scientific_name","RN"
"1","Gavialis gangeticus",4246
"2",NA,4616
"3","Dissostichus mawsoni",3554
"4","Lutra perspicillata",1897
"5","Geoffroy",1897
"6","Geronticus eremita",980
"7","Acanthodactylus scutellatus",2358
"8",NA,1888
"9","Apodemus sylvaticus",3991
"10","Apodemus",3991
"11","Cyprinodon diabolis",2020
"12","Sciurus vulgaris",1664
"13","Picea",1664
"14","Pinus sylvestris",1664
"15","Lepus timidus",1593
"16","Vulpes vulpes",1593
"17","Bubo bubo",1593
"18","Alopex lagopus",1569
"19","Arvicolinae",1569
"20","Ameerega planipaleae",4537
"21","Psittacus erithacus",3784
"22","Terminalia superba",3784
"23","Ceiba pentandra",3784
"24","P. erithacus",3784
"25","Psittacus timneh",3784
"26","Enhydra lutris",2843
"27","Haliaeetus leucocephalus",2843
"28","Hexagammus lagocephalus",2843
"29","Aptocyclus ventricosus",2843
"30","Lagopus mutus",2843
"31","Larus glaucescens",2843
"32","Pleurogrammus monopterygius",2843
"33","Philesturnus rufusater",2622
"34","Rattus norvegicus",2622
"35","Petroica australis",1357
"36","Athene cunicularia hypugaea",4010
"37","Cynomys mexicanus",4010
"38","Petromyzon marinus",4243
"39","Lampetra fluviatilis",4243
"40","Haematophagus",4243
"41","Acipenser brevirostrum",3817
"42","Tetrao urogallus",3986
"43","Martes martes",3986
"44","Vulpes vulpes",3986
"45","Corvus corone",3986
"46",NA,1084
"47","Falco peregrinus",726
"48","Columbia anatum",726
"49","Desmognathus fuscus fuscus",1929
"50","Brachydeuterus auritus",2097
"51","Aptenodytes forsteri",2604
"52","Pygoscelis antarctica",2901
"53",NA,2803
"54","Catarina",1990
"55","Bathygobius soporator",1990
"56","Gobiidae",1990
"57","Abudefduf saxatilis",1990
"58","Pomacentridae",1990
"59","Parablennius pilicornis",1990
"60","Blenniidae",1990
"61","Gobiesox barbatulus",1990
"62","Gobiesocidae",1990
"63","Labrisomus nuchipinnis",1990
"64","Labrisomidae",1990
"65","Epinephelus marginatus",1990
"66","Serranidae",1990
"67","A. saxatilis",1990
"68","E. marginatus",1990
"69","Morus bassanus",3080
"70","Haliaeetus albicilla",3080
"71","Salmo salar",4564
"72","Salmo trutta",4564
"73","Thymallus thymallus",4564
"74",NA,967
"75","Calanus finmarchicus",1520
"76","C. finmarchicus",1520
"77","C. finmarchicus",1520
"78","Macropus rufus",2996
"79","M. fuliginosa",2996
"80","Ovis aries",2996
"81","Eleutherodactylus coqui",1954
"82","E. coqui",1954
"83","E. coqui",1954
"84","E. coqui",1954
"85","E. coqui",1954
"86","E. coqui",1954
"87","E. coqui",1954
"88","Bufo calamita",1296
"89","Carcharhinus falciformis",4139
"90","C. signatus",4139
"91","Dasyatidae",4139
"92","Mobulidae",4139
"93","Prionace glauca",4139
"94","Galeocerdo cuvier",4139
"95","Isurus oxyrinchus",4139
"96","C. obscurus",4139
"97","Sphyrna lewini",4139
"98","C. longimanus",4139
"99","C. plumbeus",4139
"100","Albula glossodonta",2617
"101","Saiga tatarica tatarica",45
"102","Anas rubripes",840
"103",NA,4311
"104",NA,4617
"105","Dermochelys coriacea",2093
"106","Scyphomedusae",2093
"107",NA,2183
"108","Apollonia melanostoma",2139
"109","Neogobius melanostomus",2139
"110","Moorea",3487
"111","Acanthaster planci",3487
"112","Acropora",3487
"113","Larimus breviceps",3799
"114","Larimus breviceps",3799
"115","L. breviceps",3799
"116","Crustacea",3799
"117","Decapoda",3799
"118","Hippotragus equinus",898
"119",NA,1247
"120","Chelonia mydas",1747
"121",NA,2802
"122","Larus glaucescens",4429
"123","Haliaeetus leucocephalus",4429
"124","Alces alces",2744
"125","Calidris canutus",3078
"126","Punta",2631
"127",NA,2519
"128","Saimiri oerstedii",884
"129","Vicugna vicugna",1349
"130",NA,2769
"131","Zapus",3307
"132","Microtus",3307
"133","Zapus",3307
"134","Microtus",3307
"135","Lota lota",4461
"136","Raja clavata",4475
"137","Rajidae",4475
"138","Geronticus eremita",1016
"139","Lucia",1893
"140","Lucia",1893
"141","Pelecanus onocrotalus",1893
"142","Myodes gapperi",3327
"143","Tamias striatus",3327
"144","Peromyscus maniculatus",3327
"145","Phocoenoides dalli",4443
"146","Mirounga leonina",1043
"147","Eschrichtius robustus",2095
"148","Oncorhynchus tshawytscha",839
"149","Bison bison",763
"150","Mycobacterium bovis",763
"151","Brucella abortus",763
"152","Balaenoptera musculus intermedia",3498
"153","Fulica atra",3266
"154","A. strepera",3266
"155","A. clypeata",3266
"156","Hippocamelus bisulcus",3009
"157","Hippocamelus",3009
"158","Panurus biarmicus",4314
"159","Giulia",4314
"160","Emilia",4314
"161","Myocastor coypus",4314
"162","Heteromys pictus",4018
"163","Rodentia",4018
"164","Heteromyidae",4018
"165","Liomys",4018
"166","Pictus",4018
"167","Oreochromis niloticus baringoensis",3914
"168","Oreochromis niloticus",3914
"169","Chelonia mydas",1531
"170","Caretta caretta",1531
"171","Diceros bicornis",3800
"172","Carcharhinus leucas",2969
"173","Isurus oxyrinchus",4144
"174","Prionace glauca",4144
"175","Alopias superciliosus",4144
"176","Alopias vulpinus",4144
"177","Sphyrna zygaena",4144
"178","Xiphias gladius",4144
"179","Epinephelus striatus",3040
"180","Malaclemys terrapin",3066
"181","Procyon lotor",3066
"182","Corvus ossifragus",3066
"183","Quiscalus major",3066
"184","Dasypus novemcinctus",3066
"185","Ocypode quadrata",3066
"186","Cacatua sulphurea citrinocristata",170
"187","Megaptera novaeangliae",2099
"188","Orcinus orca",2099
"189","Phocoenoides dalli",2099
"190","Callorhinus ursinus",2099
"191","Mirounga angustirostris",2099
"192","Capreolus capreolus",2930
"193","Sus scrofa",2930
"194","Crocodylus niloticus",4205
"195","C. niloticus",4205
"196","Varanus niloticus",4205
"197","C. niloticus",4205
"198","C. niloticus",4205
"199","Odocoileus virginianus",4116
"200","Mariana",2924
"201","Boiga irregularis",2924
"202","Megapodius laperouse",2924
"203","Mariana",2924
"204","Rhipidura rufifrons",2924
"205","Acrocephalus luscinia",2924
"206","Cleptornis marchei",2924
"207","Dendrocopos minor",4013
"208","Chelonia mydas",1473
"209","Caretta caretta after",1473
"210","C. caretta",1473
"211","C. mydas",1473
"212","C. caretta",1473
"213","C. mydas",1473
"214","C. caretta",1473
"215","C. mydas",1473
"216","C. caretta",1473
"217","C. mydas",1473
"218","Tursiops aduncus",4446
"219","Delphinus capensis",4446
"220","Megaptera novaeangliae",4446
"221","Eubalaena australis",4446
"222","Balaenoptera edeni",4446
"223","Carcharhinus leucas",4476
"224","Carcharhinus brevipinna",4476
"225","Galeocerdo cuvier",4476
"226","Negaprion brevirostris",4476
"227","C. brevipinna",4476
"228","N. brevirostris",4476
"229","G. cuvier",4476
"230","Stercorarius lonnbergi",4431
"231","Stercorarius maccormicki",4431
"232",NA,2806
"233","Gypaetus barbatus",2415
"234",NA,1564
"235","Prionace glauca",4146
"236",NA,2151
"237","Sterna albifrons",4328
"238","Mergus merganser",4333
"239","Luangwa",2327
"240","Dromiciops gliroides",4281
"241","D. gliroides",4281
"242","D. gliroides",4281
"243","D. gliroides",4281
"244","Chelonia mydas",2805
"245","Ogasawara",2805
"246",NA,1126
"247",NA,3485
"248","Vermivora chrysoptera",2423
"249","Cercopithecus mitis",1489
"250","Procolobus tephrosceles",1489
"251","Colobus guereza",1489
"252","Lophocebus albigena",1489
"253","Primates",2110
"254","Procolobus pennantii",2110
"255","Colobus guereza",2110
"256",NA,4247
"257",NA,4544
"258","Chelonia mydas",1909
"259","Podiceps nigricollis",4346
"260","Podicipedidae",4346
"261",NA,1771
"262","Hylobates",4107
"263","H. muelleri",4107
"264","H. albibarbis",4107
"265","Boa constrictor occidentalis",3043
"266","Elachistocleis ovalis",4486
"267","Phocarctos hookeri",3495
"268","Corvus splendens",3937
"269","Acridotheres javanicus",3937
"270","Eudynamys scolopacea",3937
"271","Acridotheres trista",3937
"272","Platanista gangetica gangetica",1376
"273","Lutrogale perspicillata",1376
"274","Gavialis gangeticus",1376
"275","Setipinna brevifilis",1376
"276","Osteobrama cotio cotio",1376
"277","Puntius sophore",1376
"278","Crosochelius latius",1376
"279","Mystus cavasius",1376
"280","Heteropneustus fossilis",1376
"281","Macrognathus pancalus",1376
"282","Sperata seenghala",1376
"283","Onychostoma barbatula",1778
"284","Candidia barbata",1778
"285","Cinclus pallasii",1671
"286","Tachia",1671
"287","Pygoscelis penguin",2994
"288","Philornis downsi",4131
"289","Certhidea olivacea",4131
"290","Camarhynchus parvulus",4131
"291","P. downsi",4131
"292","Ardeidae",4014
"293","Avicennia germinans",4014
"294","Rhizophora mangle",4014
"295","Egretta thula",4014
"296","E. rufescens",4014
"297","Nyctanassa violacea",4014
"298","Pygoscelis adeliae",2589
"299",NA,2007
"300","Cheilodactylus spectabilis",3026
"301","Evechinus chloroticus",3026
"302","Pagrus auratus",3026
"303","Chrysophrys",3026
"304","Parapercis colias",3026
"305","Jasus edwardsii",3026
"306","Anser caerulescens caerulescens",684
"307","Numenius madagascariensis",3135
"308","Arenaria interpres",3135
"309","Calidris ferruginea",3135
"310","Limosa lapponica",3135
"311","Calidris canutus",3135
"312","Charadrius mongolus",3135
"313","Charadrius",3135
"314","Tringa brevipes",3135
"315","Xenus cinereus",3135
"316","Pluvialis squatarola",3135
"317","Tasmanian",3135
"318","Thunnus",4148
"319","Thunnus",4148
"320","Katsuwonus pelamis",4148
"321","Xiphias gladius",4148
"322","Makaira",4148
"323","Tetrapturus",4148
"324","Istiophorus platypterus",4148
"325","Prionace glauca",4148
"326","Alopias superciliosus",4148
"327","Isurus oxyrinchus",4148
"328","Carcharhinus longimanus",4148
"329","Galeocerdo cuvieri",4148
"330","Pteropus samoensis",1379
"331","P. tonganus",1379
"332","P. samoensis",1379
"333","P. tonganus",1379
"334","Batrachochytrium dendrobatidis",4561
"335","Sardinops sagax",2339
"336","Engraulis encrasicolus",2339
"337","Spheniscus demersus",2339
"338","Morus capensis",2339
"339","Phalacrocorax capensis",2339
"340","Aptenodytes patagonicus",2591
"341","Pygoscelis papua",2591
"342","Eudyptes chrysolophus",2591
"343","E. chrysocome",2591
"344","Eudyptes chrysolophus",2592
"345","E. chrysocome filholi",2592
"346","Spheniscus demersus",2035
"347","Engraulis capensis",2035
"348",NA,3189
"349","Sotalia guianensis",2673
"350","S. guianensis",2673
"351",NA,3093
"352","Pelecanus crispus",2780
"353","Ciconia ciconia",4358
"354","Carcharodon carcharias",4188
"355","Diomedea dabbenena",3483
"356","Phoebetria fusca",3483
"357","Thalassarche chlororhynchos",3483
"358","Macronectes giganteus",3483
"359","Mus musculus",3483
"360","Somateria mollissima",2257
"361","Cottus cognatus",1401
"362","Rhinichthys cataractae",1401
"363","Salmo trutta",1401
"364","Rhinichthys atratulus",1401
"365","Catostomus commersoni",1401
"366","Semotilus",1401
"367","Pteropus livingstonii",4126
"368",NA,3798
"369","Mallotus villosus",1388
"370","Uria aalge",1388
"371","Gadus morhua",1388
"372","Ammodytes marinus",3119
"373","Stercorarius parasiticus",3119
"374","Stercorarius skua",3119
"375","Cottus specus",4583
"376","Oecomys mamorae",3956
"377","Thrichomys pachyurus",3956
"378","Clyomys laticeps",3956
"379","Gracilinanus agilis",3956
"380","Thylamys macrurus",3956
"381","Monodelphis domestica",3956
"382","O. mamorae",3956
"383","G. agilis",3956
"384","T. pachyurus",3956
"385","Oecomys mamorae",3956
"386","Gracilianus agilis",3956
"387","Thrichomys pachyurus",3956
"388","Eucinostomus argenteus",3944
"389","Diapterus rhombeus",3944
"390","Ulaema lefroyi",3944
"391","Harengula clupeola",3944
"392","Atherinella brasiliensis",3944
"393","Mugil liza",3944
"394","Sphoeroides testudineus",3944
"395","Accipitridae",3962
"396","Buteo nitidus",3962
"397","Falconidae",3962
"398","Caracara cheriway",3962
"399","Pseudastur albicollis",3962
"400","Spizaetus ornatus",3962
"401","Spizaetus tyrannus",3962
"402","Micrastur ruficollis",3962
"403","Manta alfredi",3029
"404",NA,2537
"405","Cephalorhynchus",4444
"406","Lagenorhynchus australis",4444
"407","Phoebetria fusca",1768
"408","Phoebetria palpebrata",1768
"409","Diomedea exulans",1768
"410","Macronectes halli",1768
"411","Macronectes giganteus",1768
"412","Cathorops spixii",4127
"413","Siluriformes",4127
"414","Ariidae",4127
"415","C. spixii",4127
"416","Cathorops spixii",4127
"417","Zalophus wollebaeki",3783
"418","Moreno",3783
"419",NA,3280
"420",NA,3225
"421","Apodemus",4110
"422","Triodia basedowii",4520
"423","Ctenophorus nuchalis",4520
"424","C. isolepis",4520
"425","Ctenophorus",4520
"426","Eretmochelys imbricata",1545
"427","Mona",1545
"428","Mona",1545
"429","Tympanocryptis pinguicolla",3045
"430","T. pinguicolla",3045
"431","Calidris canutus",3223
"432","Catoptrophorus semipalmatus",3223
"433","Pzuviazis squatarola",3223
"434","Arenaria interpres",3223
"435","Charudrius melodus",3223
"436","Haematopus",3223
"437",NA,1249
"438",NA,1948
"439","Terrapene bauri",3054
"440","Poicephalus robustus",3791
"441",NA,906
"442","Chen caerulescens caerulescens",3105
"443","C. rossii",3105
"444","Pygoscelis adeliae",4041
"445","Pygoscelis antarctica",4041
"446","Pygoscelis papua ellsworthii",4041
"447","Macronectes giganteus",4433
"448","Panthera leo",2845
"449","Crocuta crocuta",2845
"450","Canis aureus",2845
"451","Canis mesomelas",2845
"452","Acinonyx jubatus",2845
"453","Canis",2845
"454","Otocyon megalotis",2845
"455","Charadrius nivosus",4135
"456","Sternotherus odoratus",3231
"457","Rana temporaria",1304
"458",NA,4554
"459","Hippolais icterina",964
"460","Phylloscopus trochilus",964
"461","Carduelis flammea",964
"462","Fringilla montifringilla",964
"463","Epirrita autumnata",964
"464","Gopherus polyphemus",3065
"465","Pteropus voeltzkowi",880
"466","P. voeltzkowi",880
"467","P. voeltzkowi",880
"468","Spermophilus tridecemlineatus",696
"469","S. franklinii",696
"470","Tamias striatus",696
"471","Eutamias minimus",696
"472","Tamiasciurus hudsonicus",696
"473","S. franklinii",696
"474","S. franklinii may",696
"475","Lepus americanus",696
"476",NA,1305
"477","Clemmys guttata",2362
"478","Chrysemys picta",2362
"479",NA,650
"480","Falco punctatus",1670
"481",NA,3967
"482",NA,1582
"483",NA,2365
"484","Anas platyrhynchos",3179
"485","Anser albifrons",3179
"486","Anser fabalis",3179
"487","Anser",3179
"488","Anas crecca",3179
"489","Fulica atra",3179
"490","Anser erythropus",3179
"491","Mergus albellus",3179
"492","Tachybaptus ruficollis",3179
"493","Phalacrocorax",3179
"494","Netta rufina",3179
"495","Podiceps nigricollis",3179
"496","Cygnus olor",3179
"497","Mergus merganser",3179
"498","Aythya nyroca",3179
"499","Phalacrocorax pygmeus",3179
"500","Netta rufina",3179
"501","Podiceps nigricollis",3179
"502","Anas clypeata",3179
"503","Cygnus olor",3179
"504","Anser albifrons",3179
"505","Podiceps cristatus",3179
"506","Anser anser",3179
"507","Anas strepera",3179
"508","Phalacrocorax pygmeus",3179
"509","Tachybaptus ruficollis",3179
"510","Anser",3179
"511","Aythya fuligula",3179
"512","Anser fabalis",3179
"513","Anas querquedula",3179
"514","Aythya ferina",3179
"515","Anas crecca",3179
"516","Mergus",3179
"517","Anas penelope",3179
"518","Mergus merganser",3179
"519","Anas platyrhynchos",3179
"520","Bucephala clangula",3179
"521","Tursiops truncatus",3027
"522","Alouatta palliata",1493
"523","Cebus capucinus",1493
"524","Equus hemionus",859
"525","Epinephelinae",3032
"526","Metachirus nudicaudatus",3790
"527","Metachirus nudicaudatus",3790
"528","Aquila adalberti",1891
"529","Spermophilus columbianus",112
"530","Coluber viridiflavus",2241
"531","Vipera aspis",2241
"532","C. viridiflavus",2241
"533","Elaphe longissima",2241
"534","V. aspis",2241
"535","Kobus kob kob",781
"536","Onychogalea fraenata",657
"537",NA,2576
"538","Chelydra serpentina",1930
"539","Monachus monachus",1244
"540",NA,2593
"541","Anser caerulescens caerulescens",683
"542","Henrietta",683
"543",NA,4153
"544","Anser anser",953
"545","Anser brachyrhynchus",953
"546","Ptilinopus magnificus",1726
"547","Sphecotheres viridis",1726
"548","Xanthotis macleayana",1726
"549","Meliphaga lewinii",1726
"550",NA,4609
"551","Hippocampus reidi",1987
"552","H. reidi",1987
"553","H. reidi",1987
"554","Phoca vitulina richardsi",1522
"555",NA,3691
"556","Martes americana",690
"557",NA,857
"558","Martes americana",689
"559","Peromyscus maniculatus",689
"560","Tamiasciuris hudsonicus",689
"561","Glaucomys sabrinus",689
"562","Saltwater crocodiles",3689
"563","Crocodylus porosus",3689
"564","Egretta garzetta",4385
"565","Falco peregrinus",4385
"566","Buceros rhinoceros",2374
"567","B. bicornis",2374
"568","Anthracoccros malayanus",2374
"569","Anorrhinus galeritus",2374
"570","Aceros comatus",2374
"571","A. corrugatus",2374
"572","A. undulatus",2374
"573","A. subruficollis",2374
"574","Aquila rapax",4179
"575","Circaetus cinereus",4179
"576","Circaetus pectoralis",4179
"577","Terathopius ecaudatus",4179
"578","Sterna sandvicensis",2777
"579","Clupea harengus",3371
"580","Rhea americana",1683
"581","Dermochelys coriacea",2019
"582","Dermochelys coriacea",4021
"583","Lepidochelys olivacea marine",4021
"584",NA,1405
"585","Noumea",2983
"586","Emydocephalus annulatus",2983
"587","Saguinus fuscicollis",1712
"588","Cepphus columba",1519
"589","Leopardus pardalis",4132
"590","Ficedula hypoleuca",4261
"591","Macronectes halli",1048
"592","M. giganteus",1048
"593","Panthera tigris",2654
"594","Panna",2654
"595","Panna",2654
"596","Panna",2654
"597","Panna",2654
"598","Panna",2654
"599","Panna",2654
"600","Panna",2654
"601","Labeobarbus",3633
"602","Oreochromis niloticus",3633
"603","Claris gariepinus",3633
"604","Varicorhinus beso",3633
"605","Labeobarbus",3633
"606","V. beso",3633
"607","O. niloticus",3633
"608","C. gariepinus",3633
"609","Labeobarbus",3633
"610","Loxodonta africana",1732
"611","Egretta alba",3270
"612","Platalea leucorodia",3270
"613","Tadorna tadorna",3270
"614","Anas penelope",3270
"615","Recurvirostra avosetta",3270
"616","Glareola pratincola",3270
"617","Himantopus himantopus",3270
"618","Larus melanocephalus",3270
"619","Gelochelidon nilotica",3270
"620","Sterna hirundo",3270
"621","S. albifrons",3270
"622","Larus genei",3270
"623","Rissa tridactyla",4423
"624","R. brevirostris",4423
"625","Uria aalge",4423
"626","U. lomvia",4423
"627","Fratercula",4423
"628","Amblyopsis rosae",4630
"629","A. rosae",4630
"630","Typhlichthys subterraneus",4630
"631","Hemisus marmoratus",2394
"632",NA,2312
"633","Phalacrocorax nivalis",2885
"634","Oxyura leucocephala",172
"635","Podiceps nigricollis",172
"636","Anser albifrons",172
"637","Aythya fuligula",172
"638","Larus argentatus",172
"639",NA,2381
"640","Anaxyrus",3023
"641","Bufo",3023
"642","Phragmites australis",3023
"643","Pteronura brasiliensis",3795
"644","Manu giant",3795
"645","Gavia",1871
"646","G. stellata",1871
"647","G. pacifica",1871
"648","G. adamsii",1871
"649","Salvelinus alpinus",1815
"650","Cladocera",1815
"651","Gasterosteus aculeatus",1815
"652","Eudyptes chrysocome moseleyi",2594
"653",NA,3481
"654","Grus grus",2369
"655","Orellana area",2369
"656","Zea mays",2369
"657","Oriza",2369
"658","Orellana area",2369
"659","Percilia irwini",1618
"660","Grus grus",4363
"661","Testudo graeca",3069
"662","Clethrionomys glareolus",1567
"663","Hoplodactylus stephensi",3645
"664","H. stephensi",3645
"665","Panthera tigris",2332
"666","Panthera pardus",2332
"667",NA,1657
"668",NA,3792
"669","Eumeces okadae",4494
"670","E. okadae",4494
"671","E. okadae",4494
"672","Rana clamitans melanota",748
"673",NA,749
"674",NA,949
"675","Bubalus arnee",1344
"676","Galeocerdo cuvier",3467
"677","Dugong dugon",3467
"678","Chelonia mydas",3467
"679","Martes martes",2489
"680",NA,2397
"681","Ammodramus henslowii",2052
"682",NA,3558
"683",NA,2972
"684","Collocalia maximus",1892
"685","Collocalia fuciphagus",1892
"686",NA,2868
"687","Galeocerdo cuvier",3008
"688","Cetorhinus maximus",3704
"689","Hyperoodon arnpullatus",1505
"690","Epthianura crocea macgregori",4140
"691","Caretta caretta",1666
"692","Chelonia mydas",1666
"693","Lagopus lagopus scoticus",1640
"694","Trichostrongylus tenuis",1640
"695","Drymarchon couperi",3058
"696","Sus scrofa",1707
"697","S. scrofa",1707
"698","Eremophila alpestris",706
"699","Molothrus ater",706
"700","Sturnella neglecta",706
"701","Agelaius phoeniceus",706
"702","Tyrannus tyrannus",706
"703","Calcarius ornatus",706
"704",NA,1477
"705",NA,3130
"706","Diomedea amsterdamensis",1053
"707","Callaeas cinerea wilsoni",893
"708","Callaeidae",893
"709","Trichosurus vulpecula",893
"710","Rattus rattus",893
"711","Notorynchus cepedianus",4253
"712","Acipenser transmontanus",3380
"713","Gasterochisma melampus",4570
"714","Haliaeetus albicilla",2209
"715","Populus alba",2209
"716","Loxodonta africana africana",957
"717","Sincerus caffer",957
"718","Equus",957
"719","Connochaetes",957
"720","Kobus leche",957
"721","Dermochelys coriacea",3232
"722","Pomadasys",2126
"723","Pomadasys commersonnii",2126
"724","Acanthopagrus berda",2126
"725","Lutjanus argentimaculatus",2126
"726","Tsitsikamma",2990
"727","Diplodus capensis",2990
"728","Dichistius capensis",2990
"729",NA,4512
"730","Anguilla australis",2417
"731","A. dieffenbachii",2417
"732","Anguilla australis",3915
"733","A. australis",3915
"734","A. australis",3915
"735","A. australis",3915
"736","A. australis",3915
"737","A. australis",3915
"738","A. australis",3915
"739","A. australis",3915
"740",NA,2894
"741","Suaeda glauca habitats",2793
"742","Spartina alterniflora",2793
"743","Seepweed habitats",2793
"744","Cordgrass habitats",2793
"745","Salvelinus confluentus",3316
"746","Lemur catta",1495
"747","Sistrurus catenatus catenatus",4274
"748","Loxodonta africana",1905
"749","Liolaemus multimaculatus",2582
"750","Alopex lagopus",1306
"751","Rangifer tarandus",1306
"752","Cervus nippon",4177
"753","Peromyscus maniculatus",766
"754","Melanitta nigra",3157
"755","Clangula hyemalis",3157
"756","Somateria mollissima",3157
"757","Mergus merganser",3157
"758","M. serrator",3157
"759","Bucephala clangula",3157
"760","M. fusca",3157
"761","Mytilus edulis",3157
"762","Gavia immer",3157
"763","Podiceps auritus",3157
"764","G. stellata",3157
"765",NA,3997
"766",NA,3601
"767","Emberiza aureola",3833
"768","Ectopistes migratorius",3833
"769","Hippopotamus amphibius",2807
"770","Hemibelideus lemuroides",1725
"771","Pseudochirulus herbertensis",1725
"772","Trichosurus vulpecula johnstonii",1725
"773","Pseudochirops archeri",1725
"774","Dendrolagus lumholtzi",1725
"775","Chelonia mydas",4338
"776","Saccostomus mearnsi",4178
"777","Psammophis mossambicus",4178
"778","Acacia drepanolobium",4178
"779","Chelydra serpentina",4277
"780",NA,3848
"781","Elaeagnus angustifolia",4273
"782","Spermophilus citellus",4273
"783","Esox masquinongy",3446
"784","Lacerta agilis",3648
"785","Negaprion brevirostris",4497
"786","N. brevirostris",4497
"787","Stolothrissa tanganicae",4508
"788","Limnothrissa miodon",4508
"789","Lates stappersii",4508
"790","Lates",4508
"791","Lates stappersii",4508
"792","Stolothrissa tanganicae",4508
"793","Neophocaena asiaeorientalis asiaeorientalis",2674
"794","Nerodia sipedon insularum",3256
"795","Rana sierrae",4527
"796","R. sierrae",4527
"797","R. sierrae",4527
"798","Perca flavescens",2161
"799","Gallinago media",2033
"800",NA,3508
"801","Acipenser dauricus",4614
"802","A. schrenckii",4614
"803","A. dauricus",4614
"804","A. schrenckii",4614
"805","A. dauricus",4614
"806","A. schrenckii",4614
"807","Doga",3160
"808","Lepus americanus",4108
"809",NA,718
"810","Lepus americanus",769
"811",NA,2069
"812","Mariana",4262
"813","Mariana",4262
"814","Mariana",4262
"815","Mariana",4262
"816",NA,3808
"817","Haliaeetus albicilla",2512
"818","Accipiter gentilis",1368
"819","Elephantulus edwardii",1488
"820","Rhabdomys dilectus",1488
"821","Mus minutoides",1488
"822","Mastomys coucha",1488
"823","M. minutoides",1488
"824","Vulpes vulpes",2486
"825","Mattes martes",2486
"826","Alosa fallax",4365
"827","Alosa fallax",4365
"828","A. fallax",4365
"829","Sternula nereis",4039
"830","Trichechus manatus manatus",2980
"831","Rana swinhoana",1714
"832","R. swinhoana",1714
"833","Ovibos moschatus",2436
"834","Vultur gryphus",2570
"835",NA,4615
"836","Tryngites subruficollis",3090
"837","Lagoa",3090
"838","Anolis grahami",3972
"839","A. sagrei",3972
"840","A. lineatopus",3972
"841","Anolis",3972
"842","Anolis sagrei",3972
"843","Anolis",3972
"844",NA,3083
"845","Oncorhynchus clarkii utah",4576
"846","Salmo trutta",4576
"847","Anchoa mitchilli",1467
"848","Bison bison athabascae",739
"849","Dryas",3396
"850","Cassiope",3396
"851","Calidris fuscicollis",3396
"852","Phalaropus fulicarius",3396
"853","Calcarius lapponicus",3396
"854","Calidris alba",3396
"855","Pluvialis dominica",3396
"856","Tryngites subruficollis",3396
"857",NA,4122
"858","Alces alces",2746
"859",NA,3801
"860","Oreochromis niloticus",2136
"861","Marta",2136
"862","O. niloticus",2136
"863","Cathorops mapale",2136
"864","O. niloticus",2136
"865","O. niloticus",2136
"866","O. niloticus",2136
"867","O. niloticus",2136
"868","O. niloticus",2136
"869","Tagus",3247
"870","Ptychoramphus aleuticus",2075
"871",NA,3046
"872","Thunnus obesus",1879
"873","Mastomys natalensis",791
"874","Hydromedusa tectifera",3665
"875","Pygoscelis papua",2601
"876","Arctocephalus gazella",543
"877",NA,36
"878","Scomberomorus niphonius",3489
"879","Phyllotis darwini",908
"880","Akodon olivaceus",908
"881","Thylamys elegans",908
"882","P. darwini",908
"883",NA,3513
"884","Atelopus chiriquiensis",1224
"885","Hyla calypsa",1224
"886","A. chiriquiensis",1224
"887","H. calypsa",1224
"888","Rana vibicaria",1224
"889","Hyla rivularis",1224
"890","Eleutherodactylus",1224
"891","Bolitoglossa minutula",1224
"892",NA,4515
"893","Pterocles namaqua",1638
"894",NA,3478
"895","Homopus signatus",4214
"896","Corvus albus",4214
"897","Parus atricapillus",679
"898","Pinus resinosa",679
"899","Gulo gulo",3328
"900","Neotoma magister",1668
"901","Rupicapra rupicapra",2752
"902","R. pyrenaica",2752
"903","Phoca vitulina",1373
"904","Sternula albifrons",4383
"905","Iguana delicatissima",2409
"906",NA,3624
"907","Gyps bengalensis",4259
"908","Sarcogyps calvus",4259
"909","Gyps tenuirostris may",4259
"910","Hemigymnus melapterus",4582
"911","Hemigymnus fasciatus",4582
"912","Cheilinus fasciatus",4582
"913","Labroides",4582
"914","Oxycheilinus digramma",4582
"915","Thalassoma",4582
"916","Halichoeres",4582
"917","Stethojulis",4582
"918","Anampses",4582
"919","Epibulus insidiator",4582
"920","Bodianus",4582
"921","Gyrinophilus porphyriticus",3075
"922","G. porphyriticus",3075
"923","Gyrinophilus porphyriticus",4556
"924","Potamotrygoninae",4231
"925","Potamotrygon motoro",4231
"926","P. motoro",4231
"927","Natrix tessellata",2824
"928","Testudo hermanni",3680
"929","Saiga tatarica mongolica",374
"930",NA,4158
"931","Nomascus nasutus",4555
"932","Ichthyophthirius multifiliis",4354
"933","Barbus haasi",4354
"934","I. multifiliis",4354
"935","I. multifiliis",4354
"936",NA,4187
"937","Puffinus lherminieri",4425
"938","Larus marinus",3705
"939","L. argentatus",3705
"940","Ardea herodias",3705
"941","Phalacrocorax auritus",3705
"942","Neovison vison",3705
"943","Procyon lotor",3705
"944","Canis latrans",3705
"945","Haliaeetus leucocephalus",3705
"946","Lycaon pictus",1390
"947","Pterodroma cahow",2896
"948","Procellariiformes",2896
"949","Somateria mollissima",4059
"950","Sterna paradisaea",4059
"951","Sciurus vulgaris",1881
"952","S. carolinensis",1881
"953",NA,3088
"954","Phylloscopus sibilatrix",4270
"955","Odocoileus virginianus",1600
"956","Pecari tajacu",1600
"957",NA,3456
"958",NA,3860
"959","Caretta caretta",2055
"960","Canis simensis",866
"961",NA,4347
"962","Numenius tahitiensis",3095
"963",NA,3038
"964",NA,3465
"965","Sarcoptes scabiei",3909
"966","Vombatus ursinus",3909
"967","Knysna",3155
"968","Knysna",3155
"969","Inia geoffrensis",2671
"970","Mamiraua varzea",2671
"971","Inia geoffrensis",2666
"972","Hippocampus abdominalis",1286
"973","Phocoena phocoena",2392
"974","Barra",2392
"975","Casmerodius albus",4464
"976","Nycticorax nycticorax",4464
"977","Ardea cinerea",4464
"978","Mesophoyx intermedia",4464
"979","Egretta garzetta",4464
"980","Bubulcus ibis",4464
"981","Leuciscus burdigalensis",4572
"982",NA,2261
"983","Crocodylus acutus",1932
"984","C. acutus",1932
"985","As crocodiles",1932
"986","Gillichthys mirabilis",2113
"987","Dermochelys coriacea",1674
"988","Chelonia mydas",1674
"989","Eretmochelys imbricata",1674
"990","Sardinops sagax",2627
"991","Sterna bergii",2627
"992","Engraulis australis",2627
"993","Thamnoconus degeni",2627
"994","Mirounga leonina",1503
"995","Patagioenas leucocephala",2861
"996","Rhizophora mangle",2861
"997","Connochaetes taurinus",1735
"998","Panthera leo",1735
"999","Crocuta crocuta",1735
"1000","Ambystoma cingulatum",79
"1001",NA,3073
"1002","Haematopus ostralegus",3281
"1003","Didelphis aurita",1686
"1004","Lutjanus purpureus",1880
"1005","Epinephelus flavolimbatus",1880
"1006","L. purpureus",1880
"1007","E. flavolimbatus",1880
"1008","E. flavolimbatus",1880
"1009","L. purpureus",1880
"1010","Somateria mollissima borealis",1825
"1011","Bison bison",3768
"1012",NA,1780
"1013","Octodon degus",3941
"1014","Akodon longipilis",3941
"1015","Phyllotis darwini",3941
"1016","Akodon olivaceus",3941
"1017","Akodon olivaceus",3941
"1018","Akodon longipilis",3941
"1019","Phyllotis darwini",3941
"1020","O. degus",3941
"1021","C. porosus",662
"1022","C. porosus",662
"1023","C. porosus",662
"1024","C. porosus",662
"1025","Alces alces",1466
"1026","Odocoileus virginianus",1466
"1027","Canis lupus",1466
"1028",NA,3004
"1029","Lepidochelys olivacea",3696
"1030","Rana temporaria",1225
"1031","Fratercula arctica",4426
"1032","Stercorarius skua",4426
"1033","Peromyscus",4011
"1034","Seriphus politus",3522
"1035","Synthliboramphus wumizusume",4466
"1036","Phalacrocorax gaimardi",4036
"1037","Sprutelloides delicatulus",2889
"1038","Spratelloide<U+FFFD>s grucilis",2889
"1039","Sp-utellnides lewisi",2889
"1040","E. heterolobus",2889
"1041","S. lewisi",2889
"1042","Encrasicholina",2889
"1043",NA,3847
"1044","Alces alces",2747
"1045","Canis lupus",2747
"1046","Pluvialis squatarola",3129
"1047","Arenaria interpres",3129
"1048","Numenius madagascariensis",3129
"1049","Calidris canutus",3129
"1050","Calidris tenuirostris",3129
"1051","Calidris ferruginea",3129
"1052","Calidus acuminata",3129
"1053","Tringa nebularia",3129
"1054","Charadrius leschenaulti",3129
"1055","C. mongolus",3129
"1056","Haematopus fuliginosus",3129
"1057","Limosa lapponica",3129
"1058","Numenius",3129
"1059","Calidris ruficollis",3129
"1060","Charadrius bicinctus",3129
"1061","Haematopus longirostris",3129
"1062","Hemitragus hylocrius",120
"1063","Acacia mearnsii",120
"1064","Alouatta palliata",2981
"1065","Capra pyrenaica",1337
"1066","Lacerta bilineata",3650
"1067","Podarcis muralis",3650
"1068","Zootoca vivipara",3650
"1069","P. muralis",3650
"1070","L. bilineata",3650
"1071","Z. vivipara",3650
"1072","Lacerta agilis",3650
"1073","Faco peregrinus",2877
"1074","Bubo bubo",2877
"1075","Sula bassana",3419
"1076","Scomber scombrus",3419
"1077",NA,4251
"1078",NA,3657
"1079","Megaptera novaeangliae",1901
"1080",NA,3185
"1081","Eudyptes chrysocome filholi",3742
"1082","Eudyptes penguin",3742
"1083","Calidris pusilla",3097
"1084","Ochotona collaris",3364
"1085",NA,3804
"1086","Anguilla rostrata",2138
"1087","Lynx canadensis",759
"1088","Lepus americanus",759
"1089","Picea glauca",759
"1090","Pinus contorta",759
"1091","Salix",759
"1092","Perca fluviatilis",4563
"1093","Thryssa vitrirostris",3912
"1094","Thryssa",3912
"1095","Stolephorus",3912
"1096","Thryssa vitrirostris",3912
"1097","Equus burchelli",2315
"1098","Tragelaphus oryx",2315
"1099","Cryptoprocta ferox",4491
"1100","Carcharhinus amblyrhynchos",4507
"1101","Triaenodon obesus",4507
"1102","Canis lupus",1393
"1103",NA,4606
"1104","Hoolock",1602
"1105","Hoolock hoolock",1602
"1106","Artocarpus",1602
"1107","Tectona",1602
"1108","Dipterocarpus",1602
"1109","Artocarpus",1602
"1110","Cervus elaphus",2767
"1111","Alces alces",2767
"1112","Maxomys rajah",1784
"1113","M. whiteheadi",1784
"1114","Maxomys",1784
"1115","Charadriiformes",1709
"1116","Puma concolor",3920
"1117","Panthera onca",3920
"1118",NA,3926
"1119","Esperanza",2838
"1120","Aepyceros melampus",900
"1121","Connochaetes taurinus",900
"1122","Equus burchelli",900
"1123","Ceratotherium simum",900
"1124","Giraffa camelopardalis",900
"1125","Tragelaphus strepsiceros",900
"1126","Kobus ellipsiprymnus",900
"1127","Phacochoerus aethiopicus",900
"1128","Hippotragus niger",900
"1129","Damaliscus lunatus",900
"1130","Taurotragus oryx",900
"1131","Hippotragus equinus",900
"1132","Eubalaena glacialis",2094
"1133","Clangula hyemalis",3286
"1134","Melanitta fusca",3286
"1135","M. nigra",3286
"1136","Somateria molissima",3286
"1137","Mergus serrator",3286
"1138","Coryphaena hippurus",3910
"1139","C. hippurus",3910
"1140","C. hippurus",3910
"1141","Hirundichthys affinis",3910
"1142","Sitta canadensis",3385
"1143","Dendroctonus ponderosae",3385
"1144","Picoides pubescens",3385
"1145","Oryctolagus cuniculus",988
"1146","Mobula mobular",4149
"1147",NA,2510
"1148","Bathyraja eatonii",4233
"1149","B. irrasa",4233
"1150","B. murrayi",4233
"1151","Dissostichus eleginoides",4233
"1152","Champsocephalus gunnari",4233
"1153","B. eatonii",4233
"1154","B. irrasa",4233
"1155","B. murrayi",4233
"1156","B. eatonii",4233
"1157","B. irrasa",4233
"1158","B. irrasa",4233
"1159","Pavo muticus",3907
"1160","Puffinus griseus",1506
"1161","Uria aalge",1506
"1162","Ptychoramphus aleuticus",1506
"1163","Eudyptes chrysolophus",2607
"1164",NA,1943
"1165","Prionace glauca",4160
"1166","Isurus oxyrinchus",4160
"1167","Lates niloticus",3610
"1168","Tilapia",3610
"1169","Oreochromis niloticus",3610
"1170","Rastrineobola argentea",3610
"1171","Omena",3610
"1172","Omena",3610
"1173","R. argentea",3610
"1174","Omena",3610
"1175","Rastrineobola argentea",3610
"1176",NA,3625
"1177",NA,4263
"1178",NA,4397
"1179","Pelecanus crispus",4337
"1180","Larus audouinii",1369
"1181","Acrocephalus scirpaceus",1639
"1182","Hippolais icterina",1639
"1183","Carpodacus erythrinus",1639
"1184","Delichon urbica",1639
"1185","Phoenicurus phoenicurus",1639
"1186","Muscicapa striata",1639
"1187","Carduelis cannabina",1639
"1188","Anthus pratensis",1639
"1189","Struthio camelus camelus",1375
"1190",NA,792
"1191","Panthera leo",1374
"1192","Arothron meleagris",3519
"1193","Pocillopora",3519
"1194","Pocillopora",3519
"1195","Pygoscelis adeliae",2599
"1196","Eudyptes chrysolophus",2599
"1197","Aptenodytes patagonicus",2599
"1198","Kitts-noctilio leporinus",3814
"1199","Artibeus jamaicensis",3814
"1200","Molossus molossus",3814
"1201","Tadarida brasiliensis",3814
"1202","Ardops nichollsi",3814
"1203","Brachyphylla cavernarum",3814
"1204","Cercopithecus sabaeus",3814
"1205","Strangomera bentincki",1782
"1206","Engraulis ringens",1782
"1207","S. bentincki",1782
"1208","E. ringens",1782
"1209","Setophaga ruticilla",4004
"1210","Hyla arborea",2944
"1211","Hyphessonbrycon eques",3623
"1212","Hippocampus",661
"1213","Leopardus geoffroyi",3793
"1214","Leopardus colocolo",3793
"1215","Puma yagouaroundi",3793
"1216","Stercorarius parasiticus",4407
"1217","Rissa tridactyla",4407
"1218","Uria aalge",4407
"1219","Fratercula arctica",4407
"1220","Sterna paradisaea",4407
"1221","Stercorarius skua",4407
"1222",NA,2477
"1223","Epinephelus fuscoguttatus",3050
"1224","Plectropomus areolatus",3050
"1225","E. fuscoguttatus",3050
"1226","P. areolatus",3050
"1227","P. areolatus",3050
"1228","P. areolatus",3050
"1229","E. fuscoguttatus",3050
"1230","P. areolatus",3050
"1231","Thunnus",4161
"1232","Xiphias gladius",4161
"1233","Sphyrna lewini",4161
"1234","Prionace glauca",4161
"1235","Isurus oxyrinchus",4161
"1236","Acipenser brevirostrum",4120
"1237","Noctilio leporinus",3431
"1238","Myotis nesopolus nesopolus",3431
"1239","Leptonycteris curasoae curasoae",3431
"1240","Mormoops megalophylla intermedia",3431
"1241","Natalus tumidirostris",3431
"1242","Pteronotus davyi",3431
"1243","Glossophaga longirostris elongata",3431
"1244","L. curasoae",3431
"1245","Mor. megalophylla",3431
"1246","Mor. megalophylla",3431
"1247",NA,3122
"1248","Stercorarius parasiticus",510
"1249","Catharacta skua",510
"1250","Chlamydia",1523
"1251","Diplodus puntazzo",3603
"1252","Epinephelus costae",3603
"1253","Mycteroperca rubra",3603
"1254","Scorpaena scrofa",3603
"1255","Spondyliosoma cantharus",3603
"1256","Sciaena umbra",3603
"1257","Epinephelus marginatus",3603
"1258","Tursiops truncatus",2490
"1259","Pteropus samoensis",1710
"1260","P. tonganus",1710
"1261","P. tonganus",1710
"1262","P. samoensis",1710
"1263","P. tonganus",1710
"1264","P. samoensis",1710
"1265","P. tonganus",1710
"1266","P. samoensis",1710
"1267","Freycinetia reineckei",1710
"1268","P. tonganus",1710
"1269","Syzygium inophylloides",1710
"1270","Rainforest",1710
"1271","P. samoensis",1710
"1272","P. tonganus",1710
"1273","Caretta caretta",1729
"1274",NA,4566
"1275",NA,868
"1276",NA,4526
"1277","Graptemys geographica",3059
"1278","G. geographica",3059
"1279","G. geographica",3059
"1280","G. geographica",3059
"1281","Caretta caretta",3678
"1282","C. caretta",3678
"1283","Martes americana",3369
"1284","Lepus americanus",3369
"1285","Podocnemis expansa",3677
"1286","Chaetodontidae",3457
"1287","Chaetodon baronessa",3457
"1288","Chaetodon lunulatus",3457
"1289","Chaetodon trifascialis",3457
"1290","Chaetodon plebeius",3457
"1291","Chaetodon rainfordi",3457
"1292","Chaetodon auriga",3457
"1293","Chaetodon aureofasciatus",3457
"1294","Chaetodon citrinellus",3457
"1295","Chaetodon melannotus",3457
"1296","Chaetodon vagabundus",3457
"1297","Bos gaurus",4457
"1298","Macaranga siamensis",4457
"1299","Octodon degus",2625
"1300","Crotalus pricei",3057
"1301","Chiricahua",3057
"1302",NA,2522
"1303","Pan troglodytes",1387
"1304","Hephaestus fuliginosus",4611
"1305","Leiopotherapon unicolor",4611
"1306","Neosilurus",4611
"1307","Amniataba percoides",4611
"1308","Melanotaenia australis",4611
"1309","Glossogobius aureus",4611
"1310","Botaurus stellaris",2244
"1311","Ardea purpurea",2244
"1312","Circus aeruginosus",2244
"1313","Rallus aquaticus",2244
"1314","Acrocephalus melanopogon",2244
"1315","Propithecus tattersalli",3822
"1316","P. tattersalli",3822
"1317","Pachyptila belcheri",3952
"1318","Rattus rattus",3952
"1319","Mus musculus",3952
"1320","Felis catus",3952
"1321","Parodiochloa",3952
"1322","Ulex europaeus",3952
"1323","Microcebus murinus",2740
"1324","Haliaeetus albicilla",2513
"1325",NA,3150
"1326",NA,3970
"1327","Sterna dougallii",1527
"1328","Symphodus roissali",3596
"1329",NA,3747
"1330","Ambystoma talpoideum",1273
"1331","Ctenotus",2858
"1332","Bufo bufo",1294
"1333",NA,2353
"1334","Anolis stratulus",4252
"1335","A. gundlachi",4252
"1336","A. stratulus",4252
"1337","Hieraaetus fasciatus",982
"1338","Pteronura brasiliensis",2848
"1339","Uria aalge",3393
"1340","Phoca vitulina",2799
"1341","Branta canadensis interior",3295
"1342","Dicrostonyx richardsoni",3295
"1343","Alopex lagopus",3295
"1344","Anatidae",4380
"1345","Anatidae",4380
"1346","Eretmochelys imbricata",2952
"1347","Dermochelys coriacea",2952
"1348","Chelonia mydas",2952
"1349","Jaragua",2952
"1350","Anas laysanensis",2897
"1351","Eretmochelys imbricata",2813
"1352","Carduelis flammea",3282
"1353","C. hornemanni",3282
"1354","Rhincodon typus",4166
"1355","Ammodytes marinus",1468
"1356","Uria aalge",1468
"1357","Rissa tridactyla",1468
"1358","Phalacrocorax aristotelis",1468
"1359","Passer domesticus",1361
"1360","Diomedea amsterdamensis",2855
"1361","Amazona tucumana",1498
"1362",NA,2174
"1363","Diadema antillarum",2958
"1364","Acanthurus coeruleus",2958
"1365","A. bahianus",2958
"1366","A. coeruleus",2958
"1367","A. chirurgus",2958
"1368","D. antillarum",2958
"1369","A. bahianus",2958
"1370","D. antillarum",2958
"1371","D. antillarum",2958
"1372","Odocoileus hemionus",770
"1373","Odocoileus virginianus",770
"1374","Meroles anchietae",3651
"1375","Lacertidae",3651
"1376","Gerrhosaurus skoogi",3651
"1377","Gerrhosauridae",3651
"1378","Phrynosomatidae",3651
"1379","M. anchietae",3651
"1380","Testudo graeca",4269
"1381","T. graeca",4269
"1382","Sceloporus bicanthalis",4539
"1383","S. bicanthalis",4539
"1384","Histrionicus histrionicus",757
"1385","Clupea pallasi",757
"1386","Manta alfredi",4167
"1387","M. birostris",4167
"1388","Rhincodon typus",4167
"1389","Ctenochaetus striatus",3031
"1390","C. striatus",3031
"1391","C. striatus",3031
"1392",NA,3377
"1393","Spirinchus thaleichthys",2154
"1394","Lophura",1711
"1395","L. diardi",1711
"1396","L. nycthemera",1711
"1397","L. diardi",1711
"1398","L. nycthemera",1711
"1399",NA,4191
"1400","Cynoscion othonopterus",3613
"1401","Isurus oxyrinchus",4186
"1402","Prionace glauca",4186
"1403",NA,2667
"1404","Diomedea exulans may",4427
"1405","Thalassarche chrysostoma",4427
"1406","T. carteri",4427
"1407","Phoebetria",4427
"1408","P. fusca",4427
"1409","P. palpebrata",4427
"1410","Macronectes halli",4427
"1411","M. giganteus",4427
"1412","Carcharodon carcharias aggregate",4169
"1413",NA,3098
"1414","Delphinus delphis",4448
"1415","Gulo gulo",2722
"1416","Ciconia ciconia",2501
"1417",NA,2476
"1418",NA,2463
"1419","Clethrionomys rufocanus bedfordiae",832
"1420","Chroicocephalus genei",4376
"1421","Ursus americanus",3412
"1422","Haematopus ostralegus",2212
"1423","Charadrius",2212
"1424","Tringa totanus",2212
"1425","Himantopus himantopus",2212
"1426","Burhinus oedicnemus",2212
"1427","Glanola pratincola",2212
"1428","Sterna albifrons",2212
"1429","Phalacrocorax pygmeus",2230
"1430","Phalacrocorax carbo",2230
"1431","Ardeola ralloides",2230
"1432","Ardea cinerea",2230
"1433","Egreta garzetta",2230
"1434","Nycticorax nycticorax",2230
"1435","Platalea leucorodia",2230
"1436","Pelecanus crispus",2230
"1437","Ursus arctos",3309
"1438","U. americanus",3309
"1439","Cheilinus undulatus",3936
"1440","Plectropomus oligocanthus",3936
"1441","Epinephelus",3936
"1442","Limosa limosa",1887
"1443","Lepidochelys kempii",3049
"1444","Caretta caretta",3049
"1445","Chelonia mydas",3049
"1446","Salamandra salamandra",1354
"1447","Glyptemys insculpta",4271
"1448","Pelecanus crispus",2422
"1449","Pelecanus onocrotalus",2422
"1450","Phalacrocorax carbo",2422
"1451","Phalacrocorax pygmeus",2422
"1452","Phoebetria",4402
"1453","P. fusca",4402
"1454","P. palpebrata",4402
"1455","Strix occidentalis lucida",1392
"1456","Clemmys guttata",944
"1457","Oryx leucoryx",1339
"1458","Nerodia fasciata",1991
"1459","Seminatrix pygaea",1991
"1460","Nerodia floridana",1991
"1461","N. fasciata",1991
"1462","Seminatrix pygaea",1991
"1463","N. fasciata",1991
"1464","S. pygaea",1991
"1465","Nerodia floridana",1991
"1466","Graptemys",3060
"1467","Graptemys",3060
"1468","Graptemys flavimaculata",3060
"1469","Graptemys gibbonsi",3060
"1470","Graptemys flavimaculata",3060
"1471","Graptemys gibbonsi",3060
"1472","G. gibbonsi",3060
"1473","G. flavimaculata",3060
"1474","G. gibbonsi",3060
"1475","Graptemys",3060
"1476",NA,3099
"1477","Petrogale xanthopus celeris",3896
"1478","Capra hircus",3896
"1479","Oryctolagus cuniculus",3896
"1480","Vulpes vulpes",3896
"1481","Sorex araneus",1197
"1482","S. caecutiens",1197
"1483","S. minutus",1197
"1484","S. minutissimus",1197
"1485","S. isodon",1197
"1486","S. tundrensis",1197
"1487","S. roboratus",1197
"1488","S. daphaenodon",1197
"1489","Neomys fodiens",1197
"1490","Spheniscus humboldti",1548
"1491","Phoenicopterus ruber",1269
"1492","Phoeniconaias minor",1269
"1493",NA,1487
"1494","Pluvialis fulva",3113
"1495","Morus bassanus",2771
"1496","Fratercula arctica",2771
"1497","Puffinus puffinus",2771
"1498",NA,4625
"1499",NA,3162
"1500","Neogobius melanostomus",4592
"1501","Proterorhinus semilunaris",4592
"1502","Oxyura jamaicensis",1265
"1503","Oxyura leucocephala",1265
"1504","Chrysemys picta",2025
"1505","C. picta",2025
"1506","C. picta",2025
"1507","C. picta",2025
"1508","Graptemys geographica",2025
"1509","Trachemys scripta",2025
"1510","C. picta",2025
"1511","Geronticus eremita",1899
"1512","Glaucomys sabrinus griseifrons",4005
"1513","Picea",4005
"1514","Tsuga heterophylla",4005
"1515","G. sabrinus",4005
"1516","G. sabrinus",4005
"1517","Peromyscus keeni macrorhinus",4020
"1518","Clethrionomys gapperi wrangeli",4020
"1519","C. gapperi",4020
"1520","P. keeni",4020
"1521","C. gapperi",4020
"1522","Oryctolagus cuniculus",2363
"1523","Vulpes vulpes",2363
"1524","Canis familiaris",2363
"1525","Felis silvestris",2363
"1526","Felis catus",2363
"1527","Mustela putorius",2363
"1528","Meles meles",2363
"1529","Martes foina",2363
"1530","Mustela nivalis",2363
"1531","Genetta genetta",2363
"1532","Alces alces",2745
"1533","Charadrius bicinctus",3193
"1534","Limosa lapponica",3193
"1535","Calidris melanotos",3193
"1536","Calidris canutus",3193
"1537","Arenaria interpres",3193
"1538","Anarhynchus frontalis",3193
"1539","Muscardinus avellanarius",4019
"1540",NA,2619
"1541","Dermochelys coriacea",1915
"1542",NA,2345
"1543",NA,2141
"1544",NA,3653
"1545","Elephas maximus",1658
"1546","Tapirus indicus",1658
"1547","Bos gaurus",1658
"1548","Ursus",1658
"1549","Muntiacus muntjak",2350
"1550","Bos gaurus",2350
"1551","Cervus unicolor",2350
"1552","Sus scrofa",2350
"1553","Tragelaphus buxtoni",865
"1554","Canis simensis",865
"1555","Gasterosteus aculeatus",938
"1556","Apeltes quadracus",938
"1557","Gasterosteus",938
"1558","Apeltes quadracus",938
"1559","Gasterosteus",938
"1560","Apeltes",938
"1561","Apeltes",938
"1562","Centropomus undecimalis",4575
"1563","Bagre marinus",4575
"1564","Megaptera novaeangliae",1517
"1565","Calidris canutus",3293
"1566","Haematopus ostralegus",3293
"1567",NA,847
"1568",NA,3818
"1569","Gorilla gorilla gorilla",4106
"1570","Pan troglodytes troglodytes",4106
"1571","Numenius",3148
"1572","Calidris acuminata",3148
"1573","Calidris ferruginea",3148
"1574","Calidris ruficollis",3148
"1575","Charadrius mongolus",3148
"1576","Pluvialis",3148
"1577","Charadrius bicinctus",3148
"1578","Charadrius ruficapillus",3148
"1579","Haematopus longirostris",3148
"1580","Haematopus fuliginosus",3148
"1581","Limosa lapponica",3148
"1582","Numenius",3148
"1583","Crocodylus porosus",3863
"1584","Capra ibex ibex",2458
"1585","Peromyscus maniculatus",3375
"1586","Clethrionomys gapperi",3375
"1587","Sorex",3375
"1588","Microtus pennsylvanicus",3375
"1589","Mustela erminea",3375
"1590","Mustela frenata",3375
"1591","Perognathus parvus",3304
"1592","Reithrodontomys megalotis",3304
"1593","Pinus contorta",3209
"1594","Epilobium angustifolium",3209
"1595","Peromyscus maniculatus",3209
"1596","Tamias amoenus",3209
"1597","Microtus pennsylvanicus",3209
"1598","Sorex monticolus",3209
"1599","Sorex cinereus",3209
"1600","Phenacomys intermedius",3209
"1601","Myodes gapperi",3209
"1602","Mustela erminea",3209
"1603","M. pennsylvanicus",3209
"1604","Peromyscus maniculatus",3262
"1605","Microtus montanus",3262
"1606","Mus musculus",3262
"1607","Sorex vagrans",3262
"1608","Tamiasciurus hudsonicus",3386
"1609","Pinus contorta",3386
"1610",NA,1007
"1611",NA,2623
"1612",NA,4230
"1613",NA,3158
"1614","Halichoerus",3698
"1615","Gadus morhua",3698
"1616","Urophycis tenuis",3698
"1617","Amblyraja radiata",3698
"1618","Pekania pennanti",4109
"1619","Catagonus wagneri",156
"1620",NA,2976
"1621","Equus hemionus onager",1502
"1622","Prionace glauca",4172
"1623","Drupella cornus",2543
"1624","Hippopotamus amphibius",2325
"1625","Luangwa",2325
"1626","Luangwa",2325
"1627",NA,3983
"1628","Balaenoptera edeni",1672
"1629","Delphinus delphis",1672
"1630","Sula nebouxii",1672
"1631","B. physalus",1672
"1632","Oceanodroma melania",1672
"1633","O. microsoma",1672
"1634","Rhinoceros unicornis",3813
"1635","Bardia",3813
"1636","Bardia",3813
"1637","Rhincodon typus",1343
"1638","Bubo scandiacus",3703
"1639","Buteo lagopus",3703
"1640","Stercorarius longicaudus",3703
"1641","Dicrostonyx groenlandicus",3703
"1642","Lemmus trimucronatus",3703
"1643",NA,1370
"1644","D. limnothrissa",3632
"1645","Copadichromis quadrimaculatus",3632
"1646","Rhamphochromis",3632
"1647","R. longiceps",3632
"1648","Rhamphochromis",3632
"1649","Martes americana",3382
"1650","Bonasa umbellus",3382
"1651","Sorex cinereus",3382
"1652","Lepus americanus",3382
"1653","Alligator sinensis",1211
"1654","Alligator sinensis",604
"1655","Panthera tigris amoyensis",19
"1656","Tapirus terrestris",3807
"1657","Leiopelma hamiltoni",4022
"1658","L. hamiltoni",4022
"1659",NA,1933
"1660","Chelonia mydas",3828
"1661","Macquaria australasica",4045
"1662","Eulemur fulvus",3830
"1663","E. fulvus",3830
"1664","Oxyura leucophala",2222
"1665",NA,3782
"1666","Podocnemis expansa",666
"1667","P. unifilis",666
"1668","Connochaetus taurinus",2321
"1669","Panthera leo",2321
"1670","Eudyptes chrysolophus",3751
"1671","Arctocephalus gazella",3751
"1672","Euphausia superba",3751
"1673","Liopholis slateri",4574
"1674",NA,3453
"1675",NA,3463
"1676","Eumetopias jubatus",1338
"1677","Dermochelys coriacea",2956
"1678","Chelonia mydas",674
"1679","Chlamydosaurus kingii",3644
"1680","Megaptera novaeangliae",2103
"1681",NA,4489
"1682",NA,1896
"1683","Engraulis encrasicolus",3592
"1684","Sardina pilchardus",3592
"1685","Sprattus sprattus",3592
"1686","Vanellus vanellus",5
"1687","Carduelis cannabina",5
"1688","Alauda arvensis",5
"1689","Sylvia communis",5
"1690","Emberiza citrinella",5
"1691","Acrocephalus aequinoctialis",3925
"1692","Felis catus",3925
"1693","Rattus exulans",3925
"1694","Rattus rattus",3925
"1695","Heliotropium",3925
"1696","Scaevola",3925
"1697","Suriana",3925
"1698","Phoebastria immutabilis",4128
"1699","Phoenicopterus ruber",1886
"1700","Arima",1886
"1701","Spheniscus mendiculus",1173
"1702","Micropogonias furnieri",1876
"1703","Anser erythropus",3182
"1704",NA,2171
"1705","Lucia",3627
"1706","Oreochromis mossambicus",3627
"1707","Ambassis ambassis",3627
"1708","Hyporamphus capensis",3627
"1709",NA,1621
"1710","Alces alces",2749
"1711","Uria aalge",1900
"1712","Crocodylus niloticus",3681
"1713",NA,1937
"1714","Chaetodontidae",2875
"1715","Serranidae",2875
"1716","Lutjanidae",2875
"1717","Lethrinidae",2875
"1718","Mullidae",2875
"1719","Labridae",2875
"1720","Scaridae",2875
"1721","Siganidae",2875
"1722","Acanthuridae",2875
"1723","Chaetodontidae",2875
"1724","Parupeneus barberinus",3496
"1725","Acreichthys tomentosus",3496
"1726","Chanos chanos",3496
"1727","P. barberinus",3496
"1728","A. tomentosus",3496
"1729","P. barberinus",3496
"1730","A. tomentosus",3496
"1731","A. tomentosus",3496
"1732","P. barberinus",3496
"1733","Elaphe",660
"1734","Hoplocephalus bungaroides",1890
"1735","Oedura lesueurii",1890
"1736","O. lesueurii",1890
"1737","Panthera tigris",1885
"1738","Panthera pardus",1885
"1739","Axis axis",1885
"1740","Axis porcinus",1885
"1741","Sus scrofa",1885
"1742","Bardia",1885
"1743","Huso dauricus",1744
"1744","Acipenseriformes",1744
"1745","Psephurus gladius now",1744
"1746","P. gladius",1744
"1747","A. dabryanus",1744
"1748","Acipenser dabryanus",1744
"1749","A. sinensis",1744
"1750","A. sinensis",1744
"1751","Diomedea exulans",1036
"1752","Diomedea amsterdamensis",1036
"1753","Thunnus maccoyii",1036
"1754","Dissostichus eleginoides",1036
"1755","Aptenodytes patagonica",1033
"1756","Chelonia mydas",1346
"1757","Lepidochelys olivacea",1346
"1758","Dermochelys coriacea",1346
"1759","Caretta caretta",1346
"1760","Ixoreus naevius",2917
"1761","Urocitellus parryii",3989
"1762","Lepus americanus",3989
"1763",NA,3628
"1764","Cryptobranchus alleganiensis",1763
"1765","Canis lupus",1678
"1766","Cervus elaphus",1678
"1767","Ovis canadensis",1678
"1768","Bison bison",1678
"1769","Alces alces",1678
"1770","Odocoileus hemionus",1678
"1771","Antilocapra americana",1678
"1772",NA,1398
"1773","Epigonus crassicaudus",2796
"1774",NA,4062
"1775","Chimaera monstrosa",4474
"1776","Etmopterus spinax",4474
"1777","Squalus acanthias",4474
"1778","Galeus melastomus",4474
"1779","Amblyraja radiata",4474
"1780",NA,959
"1781",NA,1727
"1782","Sus scrofa",1463
"1783",NA,3076
"1784","Chen rossii",3723
"1785","C. caerulescens caerulescens",3723
"1786",NA,1939
"1787","Hippocamelus bisulcus",2719
"1788","Thalassarche melanophrys",907
"1789",NA,3769
"1790",NA,1039
"1791","Kakadu",4421
"1792","Kakadu",4421
"1793","Dasyurus hallucatus",4421
"1794","Antechinus bellus",4421
"1795","Isoodon macrourus",4421
"1796","Trichosurus vulpecula",4421
"1797","Rattus tunneyi",4421
"1798","Kakadu",4421
"1799","Gallirallus philippensis",4038
"1800","Cygnus columbianus bewickii",3165
"1801","Accipiter nisus",1633
"1802","Puffinus mauretanicus",1669
"1803","Gorilla gorilla graueri",905
"1804","Gazella gazella",1919
"1805","Gazella dorcas",1919
"1806","Gazella dorcas",1919
"1807","Gazella gazella",1919
"1808","G. gazella",1919
"1809",NA,3922
"1810",NA,4612
"1811",NA,4530
"1812","Cervus eldi hainanus",2791
"1813","Trachurus murphyi",3958
"1814","Apodemus agrarius",1475
"1815","Rattus norvegicus",1475
"1816","Mus musculus",1475
"1817","Anser albifrons",3207
"1818","Carex",3207
"1819","Carex",3207
"1820","Acipenser sinensis",4215
"1821","Fagus sylvatica",4192
"1822","Microtus subterraneus",4192
